{"cameraMode":{"drawMode":0,"name":"Shaded","section":"Shading Mode"},"sceneLighting":true,"audioPlay":false,"sceneViewState":{"showFog":true,"showMaterialUpdate":false,"showSkybox":true,"showFlares":true,"showImageEffects":true,"showParticleSystems":true},"in2DMode":false,"pivot":{"x":56.57786560058594,"y":-3.469137191772461,"z":17.45233917236328},"rotation":{"x":0.3049565553665161,"y":0.005714143626391888,"z":-0.0018297696951776744,"w":0.9523473978042603},"size":75.40818786621094,"orthographic":true}